t_s,node_id,deleg_state,deleg_state_int,deleg_peer,deleg_blocks,deleg_dispatched,deleg_returned,cpu,load,miss,stress_level,active_blocks,eff_blocks,state
0.69,node-2FCC00,IDLE,0,,0,0,0,64,200,0,0,20,4,SCHEDULABLE
1.69,node-2FCC00,IDLE,0,,0,0,0,65,200,0,0,20,4,SCHEDULABLE
2.69,node-2FCC00,IDLE,0,,0,0,0,65,200,0,0,20,4,SCHEDULABLE
3.69,node-2FCC00,IDLE,0,,0,0,0,64,200,0,0,20,4,SCHEDULABLE
4.73,node-2FCC00,IDLE,0,,0,0,0,64,200,0,0,20,4,SCHEDULABLE
5.7,node-2FCC00,IDLE,0,,0,0,0,64,200,0,0,20,4,SCHEDULABLE
6.7,node-2FCC00,IDLE,0,,0,0,0,64,200,0,0,20,4,SCHEDULABLE
7.74,node-2FCC00,IDLE,0,,0,0,0,64,200,0,0,20,4,SCHEDULABLE
8.7,node-2FCC00,IDLE,0,,0,0,0,64,200,0,0,20,4,SCHEDULABLE
9.69,node-2FCC00,IDLE,0,,0,0,0,64,200,0,0,20,4,SCHEDULABLE
10.7,node-2FCC00,IDLE,0,,0,0,0,64,200,0,0,20,4,SCHEDULABLE
11.7,node-2FCC00,IDLE,0,,0,0,0,65,200,0,0,20,4,SCHEDULABLE
12.7,node-2FCC00,IDLE,0,,0,0,0,64,200,0,0,20,4,SCHEDULABLE
13.69,node-2FCC00,IDLE,0,,0,0,0,64,200,0,0,20,4,SCHEDULABLE
14.69,node-2FCC00,IDLE,0,,0,0,0,64,200,0,0,20,4,SCHEDULABLE
15.69,node-2FCC00,IDLE,0,,0,0,0,64,200,0,0,20,4,SCHEDULABLE
16.69,node-2FCC00,IDLE,0,,0,0,0,64,200,0,0,20,4,SCHEDULABLE
17.69,node-2FCC00,IDLE,0,,0,0,0,64,200,0,0,20,4,SCHEDULABLE
18.7,node-2FCC00,IDLE,0,,0,0,0,64,200,0,0,20,4,SCHEDULABLE
19.69,node-2FCC00,IDLE,0,,0,0,0,65,200,0,0,20,4,SCHEDULABLE
20.69,node-2FCC00,IDLE,0,,0,0,0,64,200,0,0,20,4,SCHEDULABLE
21.71,node-2FCC00,IDLE,0,,0,0,0,64,200,0,0,20,4,SCHEDULABLE
22.7,node-2FCC00,IDLE,0,,0,0,0,65,200,0,0,20,4,SCHEDULABLE
23.7,node-2FCC00,IDLE,0,,0,0,0,65,200,0,0,20,4,SCHEDULABLE
24.7,node-2FCC00,IDLE,0,,0,0,0,64,200,0,0,20,4,SCHEDULABLE
25.7,node-2FCC00,IDLE,0,,0,0,0,64,200,0,0,20,4,SCHEDULABLE
26.69,node-2FCC00,IDLE,0,,0,0,0,64,200,0,0,20,4,SCHEDULABLE
27.69,node-2FCC00,IDLE,0,,0,0,0,64,200,0,0,20,4,SCHEDULABLE
28.69,node-2FCC00,IDLE,0,,0,0,0,64,200,0,0,20,4,SCHEDULABLE
29.69,node-2FCC00,IDLE,0,,0,0,0,64,200,0,0,20,4,SCHEDULABLE
30.7,node-2FCC00,IDLE,0,,0,0,0,88,950,0,1,20,19,SCHEDULABLE
31.69,node-2FCC00,IDLE,0,,0,0,0,100,950,0,1,20,19,SATURATED
34.76,node-2FCC00,IDLE,0,,0,0,0,0,100,0,0,20,0,SCHEDULABLE
35.75,node-2FCC00,IDLE,0,,0,0,0,0,100,0,0,20,0,SCHEDULABLE
36.76,node-2FCC00,IDLE,0,,0,0,0,0,100,0,0,20,0,SCHEDULABLE
37.76,node-2FCC00,IDLE,0,,0,0,0,0,100,0,0,20,0,SCHEDULABLE
38.75,node-2FCC00,IDLE,0,,0,0,0,0,100,0,0,20,0,SCHEDULABLE
39.75,node-2FCC00,IDLE,0,,0,0,0,0,100,0,0,20,0,SCHEDULABLE
40.75,node-2FCC00,IDLE,0,,0,0,0,0,100,0,0,20,0,SCHEDULABLE
41.74,node-2FCC00,IDLE,0,,0,0,0,0,100,0,0,20,0,SCHEDULABLE
42.74,node-2FCC00,IDLE,0,,0,0,0,0,100,0,0,20,0,SCHEDULABLE
43.82,node-2FCC00,IDLE,0,,0,0,0,0,100,0,0,20,0,SCHEDULABLE
44.75,node-2FCC00,IDLE,0,,0,0,0,0,100,0,0,20,0,SCHEDULABLE
45.83,node-2FCC00,IDLE,0,,0,0,0,0,100,0,0,20,0,SCHEDULABLE
46.84,node-2FCC00,IDLE,0,,0,0,0,0,100,0,0,20,0,SCHEDULABLE
47.79,node-2FCC00,IDLE,0,,0,0,0,0,100,0,0,20,0,SCHEDULABLE
49.09,node-2FCC00,IDLE,0,,0,0,0,0,100,0,0,20,0,SCHEDULABLE
49.74,node-2FCC00,IDLE,0,,0,0,0,0,100,0,0,20,0,SCHEDULABLE
50.74,node-2FCC00,IDLE,0,,0,0,0,0,100,0,0,20,0,SCHEDULABLE
51.77,node-2FCC00,IDLE,0,,0,0,0,0,100,0,0,20,0,SCHEDULABLE
52.77,node-2FCC00,IDLE,0,,0,0,0,0,100,0,0,20,0,SCHEDULABLE
53.76,node-2FCC00,IDLE,0,,0,0,0,0,100,0,0,20,0,SCHEDULABLE
54.75,node-2FCC00,IDLE,0,,0,0,0,10,100,0,0,20,2,SCHEDULABLE
55.75,node-2FCC00,IDLE,0,,0,0,0,10,100,0,0,20,2,SCHEDULABLE
56.74,node-2FCC00,IDLE,0,,0,0,0,10,100,0,0,20,2,SCHEDULABLE
57.75,node-2FCC00,IDLE,0,,0,0,0,9,100,0,0,20,2,SCHEDULABLE
58.74,node-2FCC00,IDLE,0,,0,0,0,9,100,0,0,20,2,SCHEDULABLE
59.74,node-2FCC00,IDLE,0,,0,0,0,9,100,0,0,20,2,SCHEDULABLE
60.75,node-2FCC00,IDLE,0,,0,0,0,8,100,0,0,20,2,SCHEDULABLE
61.76,node-2FCC00,IDLE,0,,0,0,0,10,100,0,0,20,2,SCHEDULABLE
62.77,node-2FCC00,IDLE,0,,0,0,0,9,100,0,0,20,2,SCHEDULABLE
63.77,node-2FCC00,IDLE,0,,0,0,0,10,100,0,0,20,2,SCHEDULABLE
64.79,node-2FCC00,IDLE,0,,0,0,0,10,100,0,0,20,2,SCHEDULABLE
65.76,node-2FCC00,IDLE,0,,0,0,0,10,100,0,0,20,2,SCHEDULABLE
66.78,node-2FCC00,IDLE,0,,0,0,0,9,100,0,0,20,2,SCHEDULABLE
67.76,node-2FCC00,IDLE,0,,0,0,0,10,100,0,0,20,2,SCHEDULABLE
68.84,node-2FCC00,IDLE,0,,0,0,0,9,100,0,0,20,2,SCHEDULABLE
69.76,node-2FCC00,IDLE,0,,0,0,0,10,100,0,0,20,2,SCHEDULABLE
70.76,node-2FCC00,IDLE,0,,0,0,0,9,100,0,0,20,2,SCHEDULABLE
71.76,node-2FCC00,IDLE,0,,0,0,0,10,100,0,0,20,2,SCHEDULABLE
72.77,node-2FCC00,IDLE,0,,0,0,0,9,100,0,0,20,2,SCHEDULABLE
73.77,node-2FCC00,IDLE,0,,0,0,0,10,100,0,0,20,2,SCHEDULABLE
74.77,node-2FCC00,IDLE,0,,0,0,0,10,100,0,0,20,2,SCHEDULABLE
75.77,node-2FCC00,IDLE,0,,0,0,0,9,100,0,0,20,2,SCHEDULABLE
76.77,node-2FCC00,IDLE,0,,0,0,0,10,100,0,0,20,2,SCHEDULABLE
77.77,node-2FCC00,IDLE,0,,0,0,0,9,100,0,0,20,2,SCHEDULABLE
78.77,node-2FCC00,IDLE,0,,0,0,0,9,100,0,0,20,2,SCHEDULABLE
79.78,node-2FCC00,IDLE,0,,0,0,0,10,100,0,0,20,2,SCHEDULABLE
80.81,node-2FCC00,IDLE,0,,0,0,0,9,100,0,0,20,2,SCHEDULABLE
81.77,node-2FCC00,IDLE,0,,0,0,0,9,100,0,0,20,2,SCHEDULABLE
82.8,node-2FCC00,IDLE,0,,0,0,0,11,100,0,0,20,2,SCHEDULABLE
83.77,node-2FCC00,IDLE,0,,0,0,0,12,100,0,0,20,2,SCHEDULABLE
84.78,node-2FCC00,IDLE,0,,0,0,0,9,100,0,0,20,2,SCHEDULABLE
85.77,node-2FCC00,IDLE,0,,0,0,0,11,100,0,0,20,2,SCHEDULABLE
86.77,node-2FCC00,IDLE,0,,0,0,0,9,100,0,0,20,2,SCHEDULABLE
87.77,node-2FCC00,IDLE,0,,0,0,0,10,100,0,0,20,2,SCHEDULABLE
88.78,node-2FCC00,IDLE,0,,0,0,0,9,100,0,0,20,2,SCHEDULABLE
89.79,node-2FCC00,IDLE,0,,0,0,0,9,100,0,0,20,2,SCHEDULABLE
90.77,node-2FCC00,IDLE,0,,0,0,0,9,100,0,0,20,2,SCHEDULABLE
91.77,node-2FCC00,IDLE,0,,0,0,0,10,100,0,0,20,2,SCHEDULABLE
92.78,node-2FCC00,IDLE,0,,0,0,0,10,100,0,0,20,2,SCHEDULABLE
93.8,node-2FCC00,IDLE,0,,0,0,0,9,100,0,0,20,2,SCHEDULABLE
94.79,node-2FCC00,IDLE,0,,0,0,0,10,100,0,0,20,2,SCHEDULABLE
95.78,node-2FCC00,IDLE,0,,0,0,0,10,100,0,0,20,2,SCHEDULABLE
96.78,node-2FCC00,IDLE,0,,0,0,0,10,100,0,0,20,2,SCHEDULABLE
97.79,node-2FCC00,IDLE,0,,0,0,0,8,100,0,0,20,2,SCHEDULABLE
98.78,node-2FCC00,IDLE,0,,0,0,0,10,100,0,0,20,2,SCHEDULABLE
99.81,node-2FCC00,IDLE,0,,0,0,0,10,100,0,0,20,2,SCHEDULABLE
100.79,node-2FCC00,IDLE,0,,0,0,0,10,100,0,0,20,2,SCHEDULABLE
101.79,node-2FCC00,IDLE,0,,0,0,0,9,100,0,0,20,2,SCHEDULABLE
102.86,node-2FCC00,IDLE,0,,0,0,0,8,100,0,0,20,2,SCHEDULABLE
103.8,node-2FCC00,IDLE,0,,0,0,0,9,100,0,0,20,2,SCHEDULABLE
104.8,node-2FCC00,IDLE,0,,0,0,0,11,100,0,0,20,2,SCHEDULABLE
105.79,node-2FCC00,IDLE,0,,0,0,0,9,100,0,0,20,2,SCHEDULABLE
106.8,node-2FCC00,IDLE,0,,0,0,0,9,100,0,0,20,2,SCHEDULABLE
107.79,node-2FCC00,IDLE,0,,0,0,0,9,100,0,0,20,2,SCHEDULABLE
108.8,node-2FCC00,IDLE,0,,0,0,0,9,100,0,0,20,2,SCHEDULABLE
109.8,node-2FCC00,IDLE,0,,0,0,0,9,100,0,0,20,2,SCHEDULABLE
110.91,node-2FCC00,IDLE,0,,0,0,0,9,100,0,0,20,2,SCHEDULABLE
111.81,node-2FCC00,IDLE,0,,0,0,0,9,100,0,0,20,2,SCHEDULABLE
112.91,node-2FCC00,IDLE,0,,0,0,0,9,100,0,0,20,2,SCHEDULABLE
113.81,node-2FCC00,IDLE,0,,0,0,0,12,100,0,0,20,2,SCHEDULABLE
114.8,node-2FCC00,IDLE,0,,0,0,0,10,100,0,0,20,2,SCHEDULABLE
115.81,node-2FCC00,IDLE,0,,0,0,0,8,100,0,0,20,2,SCHEDULABLE
116.85,node-2FCC00,IDLE,0,,0,0,0,9,100,0,0,20,2,SCHEDULABLE
117.8,node-2FCC00,IDLE,0,,0,0,0,11,100,0,0,20,2,SCHEDULABLE
118.8,node-2FCC00,IDLE,0,,0,0,0,9,100,0,0,20,2,SCHEDULABLE
119.81,node-2FCC00,IDLE,0,,0,0,0,8,100,0,0,20,2,SCHEDULABLE
120.86,node-2FCC00,IDLE,0,,0,0,0,8,100,0,0,20,2,SCHEDULABLE
121.81,node-2FCC00,IDLE,0,,0,0,0,11,100,0,0,20,2,SCHEDULABLE
122.82,node-2FCC00,IDLE,0,,0,0,0,10,100,0,0,20,2,SCHEDULABLE
123.81,node-2FCC00,IDLE,0,,0,0,0,9,100,0,0,20,2,SCHEDULABLE
124.82,node-2FCC00,IDLE,0,,0,0,0,8,100,0,0,20,2,SCHEDULABLE
125.85,node-2FCC00,IDLE,0,,0,0,0,10,100,0,0,20,2,SCHEDULABLE
126.81,node-2FCC00,IDLE,0,,0,0,0,11,100,0,0,20,2,SCHEDULABLE
127.81,node-2FCC00,IDLE,0,,0,0,0,10,100,0,0,20,2,SCHEDULABLE
128.82,node-2FCC00,IDLE,0,,0,0,0,8,100,0,0,20,2,SCHEDULABLE
129.82,node-2FCC00,IDLE,0,,0,0,0,9,100,0,0,20,2,SCHEDULABLE
0.84,node-34A9F0,IDLE,0,,0,0,0,62,200,0,0,20,4,SCHEDULABLE
1.84,node-34A9F0,IDLE,0,,0,0,0,65,200,0,0,20,4,SCHEDULABLE
2.84,node-34A9F0,IDLE,0,,0,0,0,64,200,0,0,20,4,SCHEDULABLE
3.84,node-34A9F0,IDLE,0,,0,0,0,64,200,0,0,20,4,SCHEDULABLE
4.84,node-34A9F0,IDLE,0,,0,0,0,65,200,0,0,20,4,SCHEDULABLE
5.84,node-34A9F0,IDLE,0,,0,0,0,64,200,0,0,20,4,SCHEDULABLE
6.84,node-34A9F0,IDLE,0,,0,0,0,63,200,0,0,20,4,SCHEDULABLE
7.86,node-34A9F0,IDLE,0,,0,0,0,65,200,0,0,20,4,SCHEDULABLE
8.85,node-34A9F0,IDLE,0,,0,0,0,64,200,0,0,20,4,SCHEDULABLE
9.85,node-34A9F0,IDLE,0,,0,0,0,64,200,0,0,20,4,SCHEDULABLE
10.91,node-34A9F0,IDLE,0,,0,0,0,64,200,0,0,20,4,SCHEDULABLE
11.86,node-34A9F0,IDLE,0,,0,0,0,65,200,0,0,20,4,SCHEDULABLE
12.85,node-34A9F0,IDLE,0,,0,0,0,64,200,0,0,20,4,SCHEDULABLE
13.85,node-34A9F0,IDLE,0,,0,0,0,64,200,0,0,20,4,SCHEDULABLE
14.85,node-34A9F0,IDLE,0,,0,0,0,64,200,0,0,20,4,SCHEDULABLE
15.85,node-34A9F0,IDLE,0,,0,0,0,64,200,0,0,20,4,SCHEDULABLE
16.85,node-34A9F0,IDLE,0,,0,0,0,64,200,0,0,20,4,SCHEDULABLE
17.85,node-34A9F0,IDLE,0,,0,0,0,64,200,0,0,20,4,SCHEDULABLE
18.85,node-34A9F0,IDLE,0,,0,0,0,64,200,0,0,20,4,SCHEDULABLE
19.99,node-34A9F0,IDLE,0,,0,0,0,64,200,0,0,20,4,SCHEDULABLE
20.86,node-34A9F0,IDLE,0,,0,0,0,64,200,0,0,20,4,SCHEDULABLE
21.85,node-34A9F0,IDLE,0,,0,0,0,65,200,0,0,20,4,SCHEDULABLE
22.85,node-34A9F0,IDLE,0,,0,0,0,65,200,0,0,20,4,SCHEDULABLE
23.86,node-34A9F0,IDLE,0,,0,0,0,64,200,0,0,20,4,SCHEDULABLE
24.85,node-34A9F0,IDLE,0,,0,0,0,64,200,0,0,20,4,SCHEDULABLE
25.89,node-34A9F0,IDLE,0,,0,0,0,64,200,0,0,20,4,SCHEDULABLE
26.85,node-34A9F0,IDLE,0,,0,0,0,64,200,0,0,20,4,SCHEDULABLE
27.85,node-34A9F0,IDLE,0,,0,0,0,65,200,0,0,20,4,SCHEDULABLE
28.85,node-34A9F0,IDLE,0,,0,0,0,64,200,0,0,20,4,SCHEDULABLE
29.85,node-34A9F0,IDLE,0,,0,0,0,64,200,0,0,20,4,SCHEDULABLE
30.85,node-34A9F0,IDLE,0,,0,0,0,64,200,0,0,20,4,SCHEDULABLE
31.86,node-34A9F0,IDLE,0,,0,0,0,65,200,0,0,20,4,SCHEDULABLE
32.89,node-34A9F0,IDLE,0,,0,0,0,64,200,0,0,20,4,SCHEDULABLE
33.86,node-34A9F0,IDLE,0,,0,0,0,64,200,0,0,20,4,SCHEDULABLE
34.85,node-34A9F0,IDLE,0,,0,0,0,64,200,0,0,20,4,SCHEDULABLE
35.85,node-34A9F0,IDLE,0,,0,0,0,64,200,0,0,20,4,SCHEDULABLE
36.86,node-34A9F0,IDLE,0,,0,0,0,65,200,0,0,20,4,SCHEDULABLE
37.85,node-34A9F0,IDLE,0,,0,0,0,64,200,0,0,20,4,SCHEDULABLE
38.85,node-34A9F0,IDLE,0,,0,0,0,64,200,0,0,20,4,SCHEDULABLE
39.85,node-34A9F0,IDLE,0,,0,0,0,64,200,0,0,20,4,SCHEDULABLE
40.85,node-34A9F0,IDLE,0,,0,0,0,64,200,0,0,20,4,SCHEDULABLE
41.85,node-34A9F0,IDLE,0,,0,0,0,65,200,0,0,20,4,SCHEDULABLE
42.87,node-34A9F0,IDLE,0,,0,0,0,64,200,0,0,20,4,SCHEDULABLE
43.85,node-34A9F0,IDLE,0,,0,0,0,64,200,0,0,20,4,SCHEDULABLE
44.87,node-34A9F0,IDLE,0,,0,0,0,64,200,0,0,20,4,SCHEDULABLE
45.92,node-34A9F0,IDLE,0,,0,0,0,64,200,0,0,20,4,SCHEDULABLE
46.87,node-34A9F0,IDLE,0,,0,0,0,64,200,0,0,20,4,SCHEDULABLE
47.86,node-34A9F0,IDLE,0,,0,0,0,64,200,0,0,20,4,SCHEDULABLE
48.9,node-34A9F0,IDLE,0,,0,0,0,64,200,0,0,20,4,SCHEDULABLE
49.87,node-34A9F0,IDLE,0,,0,0,0,64,200,0,0,20,4,SCHEDULABLE
50.87,node-34A9F0,IDLE,0,,0,0,0,64,200,0,0,20,4,SCHEDULABLE
51.87,node-34A9F0,IDLE,0,,0,0,0,65,200,0,0,20,4,SCHEDULABLE
52.88,node-34A9F0,IDLE,0,,0,0,0,65,200,0,0,20,4,SCHEDULABLE
53.87,node-34A9F0,IDLE,0,,0,0,0,65,200,0,0,20,4,SCHEDULABLE
54.88,node-34A9F0,IDLE,0,,0,0,0,64,200,0,0,20,4,SCHEDULABLE
55.87,node-34A9F0,IDLE,0,,0,0,0,64,200,0,0,20,4,SCHEDULABLE
56.87,node-34A9F0,IDLE,0,,0,0,0,64,200,0,0,20,4,SCHEDULABLE
57.87,node-34A9F0,IDLE,0,,0,0,0,64,200,0,0,20,4,SCHEDULABLE
58.88,node-34A9F0,IDLE,0,,0,0,0,64,200,0,0,20,4,SCHEDULABLE
59.87,node-34A9F0,IDLE,0,,0,0,0,64,200,0,0,20,4,SCHEDULABLE
60.87,node-34A9F0,IDLE,0,,0,0,0,64,200,0,0,20,4,SCHEDULABLE
61.89,node-34A9F0,IDLE,0,,0,0,0,64,200,0,0,20,4,SCHEDULABLE
62.87,node-34A9F0,IDLE,0,,0,0,0,65,200,0,0,20,4,SCHEDULABLE
63.91,node-34A9F0,IDLE,0,,0,0,0,64,200,0,0,20,4,SCHEDULABLE
64.87,node-34A9F0,IDLE,0,,0,0,0,64,200,0,0,20,4,SCHEDULABLE
65.87,node-34A9F0,IDLE,0,,0,0,0,64,200,0,0,20,4,SCHEDULABLE
66.89,node-34A9F0,IDLE,0,,0,0,0,64,200,0,0,20,4,SCHEDULABLE
67.89,node-34A9F0,IDLE,0,,0,0,0,64,200,0,0,20,4,SCHEDULABLE
68.87,node-34A9F0,IDLE,0,,0,0,0,64,200,0,0,20,4,SCHEDULABLE
69.87,node-34A9F0,IDLE,0,,0,0,0,64,200,0,0,20,4,SCHEDULABLE
70.87,node-34A9F0,IDLE,0,,0,0,0,64,200,0,0,20,4,SCHEDULABLE
71.88,node-34A9F0,IDLE,0,,0,0,0,64,200,0,0,20,4,SCHEDULABLE
72.87,node-34A9F0,IDLE,0,,0,0,0,63,200,0,0,20,4,SCHEDULABLE
73.87,node-34A9F0,IDLE,0,,0,0,0,64,200,0,0,20,4,SCHEDULABLE
74.87,node-34A9F0,IDLE,0,,0,0,0,64,200,0,0,20,4,SCHEDULABLE
75.87,node-34A9F0,IDLE,0,,0,0,0,64,200,0,0,20,4,SCHEDULABLE
76.87,node-34A9F0,IDLE,0,,0,0,0,65,200,0,0,20,4,SCHEDULABLE
77.87,node-34A9F0,IDLE,0,,0,0,0,64,200,0,0,20,4,SCHEDULABLE
78.87,node-34A9F0,IDLE,0,,0,0,0,64,200,0,0,20,4,SCHEDULABLE
79.87,node-34A9F0,IDLE,0,,0,0,0,64,200,0,0,20,4,SCHEDULABLE
80.87,node-34A9F0,IDLE,0,,0,0,0,64,200,0,0,20,4,SCHEDULABLE
81.87,node-34A9F0,IDLE,0,,0,0,0,66,200,0,0,20,4,SCHEDULABLE
82.89,node-34A9F0,IDLE,0,,0,0,0,64,200,0,0,20,4,SCHEDULABLE
83.87,node-34A9F0,IDLE,0,,0,0,0,65,200,0,0,20,4,SCHEDULABLE
84.87,node-34A9F0,IDLE,0,,0,0,0,64,200,0,0,20,4,SCHEDULABLE
85.87,node-34A9F0,IDLE,0,,0,0,0,65,200,0,0,20,4,SCHEDULABLE
86.86,node-34A9F0,IDLE,0,,0,0,0,64,200,0,0,20,4,SCHEDULABLE
87.87,node-34A9F0,IDLE,0,,0,0,0,64,200,0,0,20,4,SCHEDULABLE
88.88,node-34A9F0,IDLE,0,,0,0,0,64,200,0,0,20,4,SCHEDULABLE
89.87,node-34A9F0,IDLE,0,,0,0,0,64,200,0,0,20,4,SCHEDULABLE
90.89,node-34A9F0,IDLE,0,,0,0,0,63,200,0,0,20,4,SCHEDULABLE
91.9,node-34A9F0,IDLE,0,,0,0,0,65,200,0,0,20,4,SCHEDULABLE
92.89,node-34A9F0,IDLE,0,,0,0,0,65,200,0,0,20,4,SCHEDULABLE
93.89,node-34A9F0,IDLE,0,,0,0,0,64,200,0,0,20,4,SCHEDULABLE
94.89,node-34A9F0,IDLE,0,,0,0,0,64,200,0,0,20,4,SCHEDULABLE
95.89,node-34A9F0,IDLE,0,,0,0,0,65,200,0,0,20,4,SCHEDULABLE
96.89,node-34A9F0,IDLE,0,,0,0,0,65,200,0,0,20,4,SCHEDULABLE
97.89,node-34A9F0,IDLE,0,,0,0,0,64,200,0,0,20,4,SCHEDULABLE
98.89,node-34A9F0,IDLE,0,,0,0,0,64,200,0,0,20,4,SCHEDULABLE
99.89,node-34A9F0,IDLE,0,,0,0,0,64,200,0,0,20,4,SCHEDULABLE
100.89,node-34A9F0,IDLE,0,,0,0,0,64,200,0,0,20,4,SCHEDULABLE
101.89,node-34A9F0,IDLE,0,,0,0,0,64,200,0,0,20,4,SCHEDULABLE
102.89,node-34A9F0,IDLE,0,,0,0,0,64,200,0,0,20,4,SCHEDULABLE
103.89,node-34A9F0,IDLE,0,,0,0,0,64,200,0,0,20,4,SCHEDULABLE
104.89,node-34A9F0,IDLE,0,,0,0,0,64,200,0,0,20,4,SCHEDULABLE
105.89,node-34A9F0,IDLE,0,,0,0,0,64,200,0,0,20,4,SCHEDULABLE
106.91,node-34A9F0,IDLE,0,,0,0,0,63,200,0,0,20,4,SCHEDULABLE
107.89,node-34A9F0,IDLE,0,,0,0,0,65,200,0,0,20,4,SCHEDULABLE
108.89,node-34A9F0,IDLE,0,,0,0,0,65,200,0,0,20,4,SCHEDULABLE
109.89,node-34A9F0,IDLE,0,,0,0,0,64,200,0,0,20,4,SCHEDULABLE
110.94,node-34A9F0,IDLE,0,,0,0,0,64,200,0,0,20,4,SCHEDULABLE
111.89,node-34A9F0,IDLE,0,,0,0,0,65,200,0,0,20,4,SCHEDULABLE
112.92,node-34A9F0,IDLE,0,,0,0,0,64,200,0,0,20,4,SCHEDULABLE
113.89,node-34A9F0,IDLE,0,,0,0,0,65,200,0,0,20,4,SCHEDULABLE
114.89,node-34A9F0,IDLE,0,,0,0,0,64,200,0,0,20,4,SCHEDULABLE
115.89,node-34A9F0,IDLE,0,,0,0,0,64,200,0,0,20,4,SCHEDULABLE
116.96,node-34A9F0,IDLE,0,,0,0,0,64,200,0,0,20,4,SCHEDULABLE
117.89,node-34A9F0,IDLE,0,,0,0,0,65,200,0,0,20,4,SCHEDULABLE
118.89,node-34A9F0,IDLE,0,,0,0,0,64,200,0,0,20,4,SCHEDULABLE
119.89,node-34A9F0,IDLE,0,,0,0,0,64,200,0,0,20,4,SCHEDULABLE
121.15,node-34A9F0,IDLE,0,,0,0,0,64,200,0,0,20,4,SCHEDULABLE
121.89,node-34A9F0,IDLE,0,,0,0,0,65,200,0,0,20,4,SCHEDULABLE
122.89,node-34A9F0,IDLE,0,,0,0,0,64,200,0,0,20,4,SCHEDULABLE
123.9,node-34A9F0,IDLE,0,,0,0,0,64,200,0,0,20,4,SCHEDULABLE
124.89,node-34A9F0,IDLE,0,,0,0,0,64,200,0,0,20,4,SCHEDULABLE
125.89,node-34A9F0,IDLE,0,,0,0,0,64,200,0,0,20,4,SCHEDULABLE
126.89,node-34A9F0,IDLE,0,,0,0,0,64,200,0,0,20,4,SCHEDULABLE
127.89,node-34A9F0,IDLE,0,,0,0,0,64,200,0,0,20,4,SCHEDULABLE
128.89,node-34A9F0,IDLE,0,,0,0,0,64,200,0,0,20,4,SCHEDULABLE
129.89,node-34A9F0,IDLE,0,,0,0,0,64,200,0,0,20,4,SCHEDULABLE
0.0,node-7115F8,IDLE,0,,0,0,0,57,200,0,0,20,2,SCHEDULABLE
1.0,node-7115F8,IDLE,0,,0,0,0,63,200,0,0,20,4,SCHEDULABLE
2.0,node-7115F8,IDLE,0,,0,0,0,63,200,0,0,20,4,SCHEDULABLE
3.01,node-7115F8,IDLE,0,,0,0,0,62,200,0,0,20,4,SCHEDULABLE
4.0,node-7115F8,IDLE,0,,0,0,0,64,200,0,0,20,4,SCHEDULABLE
5.01,node-7115F8,IDLE,0,,0,0,0,63,200,0,0,20,4,SCHEDULABLE
6.01,node-7115F8,IDLE,0,,0,0,0,63,200,0,0,20,4,SCHEDULABLE
7.0,node-7115F8,IDLE,0,,0,0,0,63,200,0,0,20,4,SCHEDULABLE
8.17,node-7115F8,IDLE,0,,0,0,0,62,200,0,0,20,4,SCHEDULABLE
9.01,node-7115F8,IDLE,0,,0,0,0,63,200,0,0,20,4,SCHEDULABLE
10.03,node-7115F8,IDLE,0,,0,0,0,63,200,0,0,20,4,SCHEDULABLE
11.02,node-7115F8,IDLE,0,,0,0,0,62,200,0,0,20,4,SCHEDULABLE
12.24,node-7115F8,IDLE,0,,0,0,0,63,200,0,0,20,4,SCHEDULABLE
13.02,node-7115F8,IDLE,0,,0,0,0,64,200,0,0,20,4,SCHEDULABLE
14.02,node-7115F8,IDLE,0,,0,0,0,63,200,0,0,20,4,SCHEDULABLE
15.01,node-7115F8,IDLE,0,,0,0,0,63,200,0,0,20,4,SCHEDULABLE
16.02,node-7115F8,IDLE,0,,0,0,0,63,200,0,0,20,4,SCHEDULABLE
17.02,node-7115F8,IDLE,0,,0,0,0,63,200,0,0,20,4,SCHEDULABLE
18.02,node-7115F8,IDLE,0,,0,0,0,63,200,0,0,20,4,SCHEDULABLE
19.01,node-7115F8,IDLE,0,,0,0,0,63,200,0,0,20,4,SCHEDULABLE
20.02,node-7115F8,IDLE,0,,0,0,0,63,200,0,0,20,4,SCHEDULABLE
21.02,node-7115F8,IDLE,0,,0,0,0,64,200,0,0,20,4,SCHEDULABLE
22.02,node-7115F8,IDLE,0,,0,0,0,63,200,0,0,20,4,SCHEDULABLE
23.02,node-7115F8,IDLE,0,,0,0,0,63,200,0,0,20,4,SCHEDULABLE
24.01,node-7115F8,IDLE,0,,0,0,0,63,200,0,0,20,4,SCHEDULABLE
25.01,node-7115F8,IDLE,0,,0,0,0,63,200,0,0,20,4,SCHEDULABLE
26.01,node-7115F8,IDLE,0,,0,0,0,63,200,0,0,20,4,SCHEDULABLE
27.01,node-7115F8,IDLE,0,,0,0,0,63,200,0,0,20,4,SCHEDULABLE
28.01,node-7115F8,IDLE,0,,0,0,0,63,200,0,0,20,4,SCHEDULABLE
29.01,node-7115F8,IDLE,0,,0,0,0,63,200,0,0,20,4,SCHEDULABLE
30.01,node-7115F8,IDLE,0,,0,0,0,64,200,0,0,20,4,SCHEDULABLE
31.02,node-7115F8,IDLE,0,,0,0,0,63,200,0,0,20,4,SCHEDULABLE
32.11,node-7115F8,IDLE,0,,0,0,0,63,200,0,0,20,4,SCHEDULABLE
33.03,node-7115F8,IDLE,0,,0,0,0,63,200,0,0,20,4,SCHEDULABLE
34.01,node-7115F8,IDLE,0,,0,0,0,64,200,0,0,20,4,SCHEDULABLE
35.02,node-7115F8,IDLE,0,,0,0,0,63,200,0,0,20,4,SCHEDULABLE
36.01,node-7115F8,IDLE,0,,0,0,0,63,200,0,0,20,4,SCHEDULABLE
37.02,node-7115F8,IDLE,0,,0,0,0,63,200,0,0,20,4,SCHEDULABLE
38.02,node-7115F8,IDLE,0,,0,0,0,63,200,0,0,20,4,SCHEDULABLE
39.08,node-7115F8,IDLE,0,,0,0,0,62,200,0,0,20,4,SCHEDULABLE
40.02,node-7115F8,IDLE,0,,0,0,0,64,200,0,0,20,4,SCHEDULABLE
41.01,node-7115F8,IDLE,0,,0,0,0,63,200,0,0,20,4,SCHEDULABLE
42.02,node-7115F8,IDLE,0,,0,0,0,63,200,0,0,20,4,SCHEDULABLE
43.04,node-7115F8,IDLE,0,,0,0,0,63,200,0,0,20,4,SCHEDULABLE
44.03,node-7115F8,IDLE,0,,0,0,0,63,200,0,0,20,4,SCHEDULABLE
45.01,node-7115F8,IDLE,0,,0,0,0,63,200,0,0,20,4,SCHEDULABLE
46.03,node-7115F8,IDLE,0,,0,0,0,63,200,0,0,20,4,SCHEDULABLE
47.01,node-7115F8,IDLE,0,,0,0,0,64,200,0,0,20,4,SCHEDULABLE
48.07,node-7115F8,IDLE,0,,0,0,0,62,200,0,0,20,4,SCHEDULABLE
49.1,node-7115F8,IDLE,0,,0,0,0,63,200,0,0,20,4,SCHEDULABLE
50.01,node-7115F8,IDLE,0,,0,0,0,64,200,0,0,20,4,SCHEDULABLE
51.04,node-7115F8,IDLE,0,,0,0,0,63,200,0,0,20,4,SCHEDULABLE
52.06,node-7115F8,IDLE,0,,0,0,0,64,200,0,0,20,4,SCHEDULABLE
53.01,node-7115F8,IDLE,0,,0,0,0,63,200,0,0,20,4,SCHEDULABLE
54.01,node-7115F8,IDLE,0,,0,0,0,63,200,0,0,20,4,SCHEDULABLE
55.05,node-7115F8,IDLE,0,,0,0,0,62,200,0,0,20,4,SCHEDULABLE
56.02,node-7115F8,IDLE,0,,0,0,0,64,200,0,0,20,4,SCHEDULABLE
57.01,node-7115F8,IDLE,0,,0,0,0,63,200,0,0,20,4,SCHEDULABLE
58.01,node-7115F8,IDLE,0,,0,0,0,63,200,0,0,20,4,SCHEDULABLE
59.01,node-7115F8,IDLE,0,,0,0,0,63,200,0,0,20,4,SCHEDULABLE
60.02,node-7115F8,IDLE,0,,0,0,0,63,200,0,0,20,4,SCHEDULABLE
61.02,node-7115F8,IDLE,0,,0,0,0,63,200,0,0,20,4,SCHEDULABLE
62.01,node-7115F8,IDLE,0,,0,0,0,63,200,0,0,20,4,SCHEDULABLE
63.02,node-7115F8,IDLE,0,,0,0,0,63,200,0,0,20,4,SCHEDULABLE
64.01,node-7115F8,IDLE,0,,0,0,0,63,200,0,0,20,4,SCHEDULABLE
65.03,node-7115F8,IDLE,0,,0,0,0,63,200,0,0,20,4,SCHEDULABLE
66.02,node-7115F8,IDLE,0,,0,0,0,63,200,0,0,20,4,SCHEDULABLE
67.01,node-7115F8,IDLE,0,,0,0,0,62,200,0,0,20,4,SCHEDULABLE
68.02,node-7115F8,IDLE,0,,0,0,0,64,200,0,0,20,4,SCHEDULABLE
69.09,node-7115F8,IDLE,0,,0,0,0,63,200,0,0,20,4,SCHEDULABLE
70.01,node-7115F8,IDLE,0,,0,0,0,63,200,0,0,20,4,SCHEDULABLE
71.02,node-7115F8,IDLE,0,,0,0,0,63,200,0,0,20,4,SCHEDULABLE
72.1,node-7115F8,IDLE,0,,0,0,0,63,200,0,0,20,4,SCHEDULABLE
73.05,node-7115F8,IDLE,0,,0,0,0,63,200,0,0,20,4,SCHEDULABLE
74.01,node-7115F8,IDLE,0,,0,0,0,63,200,0,0,20,4,SCHEDULABLE
75.01,node-7115F8,IDLE,0,,0,0,0,63,200,0,0,20,4,SCHEDULABLE
76.01,node-7115F8,IDLE,0,,0,0,0,63,200,0,0,20,4,SCHEDULABLE
77.01,node-7115F8,IDLE,0,,0,0,0,63,200,0,0,20,4,SCHEDULABLE
78.01,node-7115F8,IDLE,0,,0,0,0,63,200,0,0,20,4,SCHEDULABLE
79.01,node-7115F8,IDLE,0,,0,0,0,63,200,0,0,20,4,SCHEDULABLE
80.02,node-7115F8,IDLE,0,,0,0,0,63,200,0,0,20,4,SCHEDULABLE
81.04,node-7115F8,IDLE,0,,0,0,0,63,200,0,0,20,4,SCHEDULABLE
82.02,node-7115F8,IDLE,0,,0,0,0,63,200,0,0,20,4,SCHEDULABLE
83.02,node-7115F8,IDLE,0,,0,0,0,64,200,0,0,20,4,SCHEDULABLE
84.01,node-7115F8,IDLE,0,,0,0,0,63,200,0,0,20,4,SCHEDULABLE
85.1,node-7115F8,IDLE,0,,0,0,0,63,200,0,0,20,4,SCHEDULABLE
86.01,node-7115F8,IDLE,0,,0,0,0,64,200,0,0,20,4,SCHEDULABLE
87.01,node-7115F8,IDLE,0,,0,0,0,63,200,0,0,20,4,SCHEDULABLE
88.01,node-7115F8,IDLE,0,,0,0,0,63,200,0,0,20,4,SCHEDULABLE
89.01,node-7115F8,IDLE,0,,0,0,0,63,200,0,0,20,4,SCHEDULABLE
90.01,node-7115F8,IDLE,0,,0,0,0,63,200,0,0,20,4,SCHEDULABLE
91.02,node-7115F8,IDLE,0,,0,0,0,63,200,0,0,20,4,SCHEDULABLE
92.02,node-7115F8,IDLE,0,,0,0,0,63,200,0,0,20,4,SCHEDULABLE
93.01,node-7115F8,IDLE,0,,0,0,0,63,200,0,0,20,4,SCHEDULABLE
94.01,node-7115F8,IDLE,0,,0,0,0,63,200,0,0,20,4,SCHEDULABLE
95.02,node-7115F8,IDLE,0,,0,0,0,63,200,0,0,20,4,SCHEDULABLE
96.01,node-7115F8,IDLE,0,,0,0,0,63,200,0,0,20,4,SCHEDULABLE
97.01,node-7115F8,IDLE,0,,0,0,0,63,200,0,0,20,4,SCHEDULABLE
98.01,node-7115F8,IDLE,0,,0,0,0,63,200,0,0,20,4,SCHEDULABLE
99.01,node-7115F8,IDLE,0,,0,0,0,63,200,0,0,20,4,SCHEDULABLE
100.01,node-7115F8,IDLE,0,,0,0,0,63,200,0,0,20,4,SCHEDULABLE
101.01,node-7115F8,IDLE,0,,0,0,0,63,200,0,0,20,4,SCHEDULABLE
102.01,node-7115F8,IDLE,0,,0,0,0,63,200,0,0,20,4,SCHEDULABLE
103.02,node-7115F8,IDLE,0,,0,0,0,63,200,0,0,20,4,SCHEDULABLE
104.01,node-7115F8,IDLE,0,,0,0,0,63,200,0,0,20,4,SCHEDULABLE
105.01,node-7115F8,IDLE,0,,0,0,0,63,200,0,0,20,4,SCHEDULABLE
106.01,node-7115F8,IDLE,0,,0,0,0,62,200,0,0,20,4,SCHEDULABLE
107.01,node-7115F8,IDLE,0,,0,0,0,63,200,0,0,20,4,SCHEDULABLE
108.01,node-7115F8,IDLE,0,,0,0,0,63,200,0,0,20,4,SCHEDULABLE
109.01,node-7115F8,IDLE,0,,0,0,0,63,200,0,0,20,4,SCHEDULABLE
110.01,node-7115F8,IDLE,0,,0,0,0,63,200,0,0,20,4,SCHEDULABLE
111.06,node-7115F8,IDLE,0,,0,0,0,62,200,0,0,20,4,SCHEDULABLE
112.02,node-7115F8,IDLE,0,,0,0,0,64,200,0,0,20,4,SCHEDULABLE
113.01,node-7115F8,IDLE,0,,0,0,0,64,200,0,0,20,4,SCHEDULABLE
114.01,node-7115F8,IDLE,0,,0,0,0,63,200,0,0,20,4,SCHEDULABLE
115.01,node-7115F8,IDLE,0,,0,0,0,63,200,0,0,20,4,SCHEDULABLE
116.02,node-7115F8,IDLE,0,,0,0,0,63,200,0,0,20,4,SCHEDULABLE
117.09,node-7115F8,IDLE,0,,0,0,0,62,200,0,0,20,4,SCHEDULABLE
118.01,node-7115F8,IDLE,0,,0,0,0,64,200,0,0,20,4,SCHEDULABLE
119.01,node-7115F8,IDLE,0,,0,0,0,63,200,0,0,20,4,SCHEDULABLE
120.01,node-7115F8,IDLE,0,,0,0,0,63,200,0,0,20,4,SCHEDULABLE
121.16,node-7115F8,IDLE,0,,0,0,0,62,200,0,0,20,4,SCHEDULABLE
122.02,node-7115F8,IDLE,0,,0,0,0,63,200,0,0,20,4,SCHEDULABLE
123.01,node-7115F8,IDLE,0,,0,0,0,63,200,0,0,20,4,SCHEDULABLE
124.02,node-7115F8,IDLE,0,,0,0,0,63,200,0,0,20,4,SCHEDULABLE
125.08,node-7115F8,IDLE,0,,0,0,0,63,200,0,0,20,4,SCHEDULABLE
126.02,node-7115F8,IDLE,0,,0,0,0,63,200,0,0,20,4,SCHEDULABLE
127.02,node-7115F8,IDLE,0,,0,0,0,63,200,0,0,20,4,SCHEDULABLE
128.02,node-7115F8,IDLE,0,,0,0,0,63,200,0,0,20,4,SCHEDULABLE
129.03,node-7115F8,IDLE,0,,0,0,0,63,200,0,0,20,4,SCHEDULABLE
130.02,node-7115F8,IDLE,0,,0,0,0,63,200,0,0,20,4,SCHEDULABLE
0.71,node-717AC4,IDLE,0,,0,0,0,48,200,0,0,20,4,SCHEDULABLE
1.71,node-717AC4,IDLE,0,,0,0,0,52,200,0,0,20,4,SCHEDULABLE
2.71,node-717AC4,IDLE,0,,0,0,0,52,200,0,0,20,4,SCHEDULABLE
3.72,node-717AC4,IDLE,0,,0,0,0,52,200,0,0,20,4,SCHEDULABLE
4.74,node-717AC4,IDLE,0,,0,0,0,51,200,0,0,20,4,SCHEDULABLE
5.7,node-717AC4,IDLE,0,,0,0,0,52,200,0,0,20,4,SCHEDULABLE
6.7,node-717AC4,IDLE,0,,0,0,0,51,200,0,0,20,4,SCHEDULABLE
7.75,node-717AC4,IDLE,0,,0,0,0,51,200,0,0,20,4,SCHEDULABLE
8.7,node-717AC4,IDLE,0,,0,0,0,52,200,0,0,20,4,SCHEDULABLE
9.72,node-717AC4,IDLE,0,,0,0,0,51,200,0,0,20,4,SCHEDULABLE
10.72,node-717AC4,IDLE,0,,0,0,0,52,200,0,0,20,4,SCHEDULABLE
11.71,node-717AC4,IDLE,0,,0,0,0,52,200,0,0,20,4,SCHEDULABLE
12.71,node-717AC4,IDLE,0,,0,0,0,52,200,0,0,20,4,SCHEDULABLE
13.71,node-717AC4,IDLE,0,,0,0,0,51,200,0,0,20,4,SCHEDULABLE
14.71,node-717AC4,IDLE,0,,0,0,0,52,200,0,0,20,4,SCHEDULABLE
15.71,node-717AC4,IDLE,0,,0,0,0,52,200,0,0,20,4,SCHEDULABLE
16.72,node-717AC4,IDLE,0,,0,0,0,51,200,0,0,20,4,SCHEDULABLE
17.71,node-717AC4,IDLE,0,,0,0,0,52,200,0,0,20,4,SCHEDULABLE
18.72,node-717AC4,IDLE,0,,0,0,0,51,200,0,0,20,4,SCHEDULABLE
20.0,node-717AC4,IDLE,0,,0,0,0,52,200,0,0,20,4,SCHEDULABLE
20.71,node-717AC4,IDLE,0,,0,0,0,51,200,0,0,20,4,SCHEDULABLE
21.71,node-717AC4,IDLE,0,,0,0,0,52,200,0,0,20,4,SCHEDULABLE
22.72,node-717AC4,IDLE,0,,0,0,0,51,200,0,0,20,4,SCHEDULABLE
23.71,node-717AC4,IDLE,0,,0,0,0,52,200,0,0,20,4,SCHEDULABLE
24.73,node-717AC4,IDLE,0,,0,0,0,52,200,0,0,20,4,SCHEDULABLE
25.73,node-717AC4,IDLE,0,,0,0,0,52,200,0,0,20,4,SCHEDULABLE
26.72,node-717AC4,IDLE,0,,0,0,0,51,200,0,0,20,4,SCHEDULABLE
27.71,node-717AC4,IDLE,0,,0,0,0,52,200,0,0,20,4,SCHEDULABLE
28.71,node-717AC4,IDLE,0,,0,0,0,52,200,0,0,20,4,SCHEDULABLE
29.72,node-717AC4,IDLE,0,,0,0,0,52,200,0,0,20,4,SCHEDULABLE
30.71,node-717AC4,IDLE,0,,0,0,0,53,200,0,0,20,4,SCHEDULABLE
31.71,node-717AC4,IDLE,0,,0,0,0,51,200,0,0,20,4,SCHEDULABLE
32.74,node-717AC4,IDLE,0,,0,0,0,52,200,0,0,20,4,SCHEDULABLE
33.71,node-717AC4,IDLE,0,,0,0,0,52,200,0,0,20,4,SCHEDULABLE
34.71,node-717AC4,IDLE,0,,0,0,0,51,200,0,0,20,4,SCHEDULABLE
35.71,node-717AC4,IDLE,0,,0,0,0,52,200,0,0,20,4,SCHEDULABLE
36.71,node-717AC4,IDLE,0,,0,0,0,52,200,0,0,20,4,SCHEDULABLE
37.71,node-717AC4,IDLE,0,,0,0,0,52,200,0,0,20,4,SCHEDULABLE
38.71,node-717AC4,IDLE,0,,0,0,0,52,200,0,0,20,4,SCHEDULABLE
39.72,node-717AC4,IDLE,0,,0,0,0,51,200,0,0,20,4,SCHEDULABLE
40.72,node-717AC4,IDLE,0,,0,0,0,51,200,0,0,20,4,SCHEDULABLE
41.72,node-717AC4,IDLE,0,,0,0,0,52,200,0,0,20,4,SCHEDULABLE
42.71,node-717AC4,IDLE,0,,0,0,0,51,200,0,0,20,4,SCHEDULABLE
43.81,node-717AC4,IDLE,0,,0,0,0,51,200,0,0,20,4,SCHEDULABLE
44.72,node-717AC4,IDLE,0,,0,0,0,51,200,0,0,20,4,SCHEDULABLE
45.71,node-717AC4,IDLE,0,,0,0,0,51,200,0,0,20,4,SCHEDULABLE
46.71,node-717AC4,IDLE,0,,0,0,0,52,200,0,0,20,4,SCHEDULABLE
47.79,node-717AC4,IDLE,0,,0,0,0,52,200,0,0,20,4,SCHEDULABLE
48.81,node-717AC4,IDLE,0,,0,0,0,51,200,0,0,20,4,SCHEDULABLE
49.72,node-717AC4,IDLE,0,,0,0,0,52,200,0,0,20,4,SCHEDULABLE
50.73,node-717AC4,IDLE,0,,0,0,0,52,200,0,0,20,4,SCHEDULABLE
51.71,node-717AC4,IDLE,0,,0,0,0,51,200,0,0,20,4,SCHEDULABLE
52.73,node-717AC4,IDLE,0,,0,0,0,51,200,0,0,20,4,SCHEDULABLE
53.72,node-717AC4,IDLE,0,,0,0,0,52,200,0,0,20,4,SCHEDULABLE
54.71,node-717AC4,IDLE,0,,0,0,0,52,200,0,0,20,4,SCHEDULABLE
55.71,node-717AC4,IDLE,0,,0,0,0,52,200,0,0,20,4,SCHEDULABLE
56.73,node-717AC4,IDLE,0,,0,0,0,53,200,0,0,20,4,SCHEDULABLE
57.72,node-717AC4,IDLE,0,,0,0,0,52,200,0,0,20,4,SCHEDULABLE
58.75,node-717AC4,IDLE,0,,0,0,0,52,200,0,0,20,4,SCHEDULABLE
59.71,node-717AC4,IDLE,0,,0,0,0,51,200,0,0,20,4,SCHEDULABLE
60.72,node-717AC4,IDLE,0,,0,0,0,51,200,0,0,20,4,SCHEDULABLE
61.71,node-717AC4,IDLE,0,,0,0,0,52,200,0,0,20,4,SCHEDULABLE
62.74,node-717AC4,IDLE,0,,0,0,0,52,200,0,0,20,4,SCHEDULABLE
63.75,node-717AC4,IDLE,0,,0,0,0,52,200,0,0,20,4,SCHEDULABLE
64.71,node-717AC4,IDLE,0,,0,0,0,52,200,0,0,20,4,SCHEDULABLE
65.71,node-717AC4,IDLE,0,,0,0,0,52,200,0,0,20,4,SCHEDULABLE
66.75,node-717AC4,IDLE,0,,0,0,0,52,200,0,0,20,4,SCHEDULABLE
67.71,node-717AC4,IDLE,0,,0,0,0,52,200,0,0,20,4,SCHEDULABLE
68.71,node-717AC4,IDLE,0,,0,0,0,52,200,0,0,20,4,SCHEDULABLE
69.72,node-717AC4,IDLE,0,,0,0,0,51,200,0,0,20,4,SCHEDULABLE
70.72,node-717AC4,IDLE,0,,0,0,0,52,200,0,0,20,4,SCHEDULABLE
71.71,node-717AC4,IDLE,0,,0,0,0,52,200,0,0,20,4,SCHEDULABLE
72.72,node-717AC4,IDLE,0,,0,0,0,52,200,0,0,20,4,SCHEDULABLE
73.72,node-717AC4,IDLE,0,,0,0,0,51,200,0,0,20,4,SCHEDULABLE
74.71,node-717AC4,IDLE,0,,0,0,0,52,200,0,0,20,4,SCHEDULABLE
75.76,node-717AC4,IDLE,0,,0,0,0,52,200,0,0,20,4,SCHEDULABLE
76.71,node-717AC4,IDLE,0,,0,0,0,52,200,0,0,20,4,SCHEDULABLE
77.72,node-717AC4,IDLE,0,,0,0,0,51,200,0,0,20,4,SCHEDULABLE
78.74,node-717AC4,IDLE,0,,0,0,0,51,200,0,0,20,4,SCHEDULABLE
79.71,node-717AC4,IDLE,0,,0,0,0,52,200,0,0,20,4,SCHEDULABLE
80.87,node-717AC4,IDLE,0,,0,0,0,51,200,0,0,20,4,SCHEDULABLE
81.71,node-717AC4,IDLE,0,,0,0,0,52,200,0,0,20,4,SCHEDULABLE
82.71,node-717AC4,IDLE,0,,0,0,0,52,200,0,0,20,4,SCHEDULABLE
83.72,node-717AC4,IDLE,0,,0,0,0,52,200,0,0,20,4,SCHEDULABLE
84.71,node-717AC4,IDLE,0,,0,0,0,52,200,0,0,20,4,SCHEDULABLE
85.71,node-717AC4,IDLE,0,,0,0,0,51,200,0,0,20,4,SCHEDULABLE
86.71,node-717AC4,IDLE,0,,0,0,0,52,200,0,0,20,4,SCHEDULABLE
87.71,node-717AC4,IDLE,0,,0,0,0,52,200,0,0,20,4,SCHEDULABLE
88.72,node-717AC4,IDLE,0,,0,0,0,52,200,0,0,20,4,SCHEDULABLE
89.79,node-717AC4,IDLE,0,,0,0,0,52,200,0,0,20,4,SCHEDULABLE
90.72,node-717AC4,IDLE,0,,0,0,0,51,200,0,0,20,4,SCHEDULABLE
91.72,node-717AC4,IDLE,0,,0,0,0,51,200,0,0,20,4,SCHEDULABLE
92.73,node-717AC4,IDLE,0,,0,0,0,52,200,0,0,20,4,SCHEDULABLE
93.77,node-717AC4,IDLE,0,,0,0,0,52,200,0,0,20,4,SCHEDULABLE
94.72,node-717AC4,IDLE,0,,0,0,0,52,200,0,0,20,4,SCHEDULABLE
95.71,node-717AC4,IDLE,0,,0,0,0,52,200,0,0,20,4,SCHEDULABLE
96.71,node-717AC4,IDLE,0,,0,0,0,52,200,0,0,20,4,SCHEDULABLE
97.72,node-717AC4,IDLE,0,,0,0,0,52,200,0,0,20,4,SCHEDULABLE
98.71,node-717AC4,IDLE,0,,0,0,0,52,200,0,0,20,4,SCHEDULABLE
99.81,node-717AC4,IDLE,0,,0,0,0,52,200,0,0,20,4,SCHEDULABLE
100.71,node-717AC4,IDLE,0,,0,0,0,51,200,0,0,20,4,SCHEDULABLE
101.71,node-717AC4,IDLE,0,,0,0,0,52,200,0,0,20,4,SCHEDULABLE
102.75,node-717AC4,IDLE,0,,0,0,0,52,200,0,0,20,4,SCHEDULABLE
103.72,node-717AC4,IDLE,0,,0,0,0,51,200,0,0,20,4,SCHEDULABLE
104.72,node-717AC4,IDLE,0,,0,0,0,52,200,0,0,20,4,SCHEDULABLE
105.78,node-717AC4,IDLE,0,,0,0,0,52,200,0,0,20,4,SCHEDULABLE
106.79,node-717AC4,IDLE,0,,0,0,0,51,200,0,0,20,4,SCHEDULABLE
107.72,node-717AC4,IDLE,0,,0,0,0,52,200,0,0,20,4,SCHEDULABLE
108.71,node-717AC4,IDLE,0,,0,0,0,51,200,0,0,20,4,SCHEDULABLE
109.72,node-717AC4,IDLE,0,,0,0,0,52,200,0,0,20,4,SCHEDULABLE
110.95,node-717AC4,IDLE,0,,0,0,0,52,200,0,0,20,4,SCHEDULABLE
111.72,node-717AC4,IDLE,0,,0,0,0,51,200,0,0,20,4,SCHEDULABLE
112.92,node-717AC4,IDLE,0,,0,0,0,51,200,0,0,20,4,SCHEDULABLE
113.71,node-717AC4,IDLE,0,,0,0,0,51,200,0,0,20,4,SCHEDULABLE
114.71,node-717AC4,IDLE,0,,0,0,0,51,200,0,0,20,4,SCHEDULABLE
115.71,node-717AC4,IDLE,0,,0,0,0,52,200,0,0,20,4,SCHEDULABLE
116.72,node-717AC4,IDLE,0,,0,0,0,53,200,0,0,20,4,SCHEDULABLE
117.71,node-717AC4,IDLE,0,,0,0,0,51,200,0,0,20,4,SCHEDULABLE
118.71,node-717AC4,IDLE,0,,0,0,0,52,200,0,0,20,4,SCHEDULABLE
119.71,node-717AC4,IDLE,0,,0,0,0,51,200,0,0,20,4,SCHEDULABLE
120.86,node-717AC4,IDLE,0,,0,0,0,52,200,0,0,20,4,SCHEDULABLE
121.71,node-717AC4,IDLE,0,,0,0,0,51,200,0,0,20,4,SCHEDULABLE
122.72,node-717AC4,IDLE,0,,0,0,0,51,200,0,0,20,4,SCHEDULABLE
123.72,node-717AC4,IDLE,0,,0,0,0,52,200,0,0,20,4,SCHEDULABLE
124.72,node-717AC4,IDLE,0,,0,0,0,51,200,0,0,20,4,SCHEDULABLE
125.75,node-717AC4,IDLE,0,,0,0,0,52,200,0,0,20,4,SCHEDULABLE
126.72,node-717AC4,IDLE,0,,0,0,0,52,200,0,0,20,4,SCHEDULABLE
127.71,node-717AC4,IDLE,0,,0,0,0,51,200,0,0,20,4,SCHEDULABLE
128.71,node-717AC4,IDLE,0,,0,0,0,52,200,0,0,20,4,SCHEDULABLE
129.72,node-717AC4,IDLE,0,,0,0,0,52,200,0,0,20,4,SCHEDULABLE
130.71,node-717AC4,IDLE,0,,0,0,0,51,200,0,0,20,4,SCHEDULABLE
